C¢d. Cir.;C¢d. Con.;Concello;Mesa;Censo;Certif. Alta;Certif. Correc.;Censo Total;Votos electores;Votos interventores;Votos Totais;Votos nulos;Votos brancos;PCTG;PUM+J;PACMA;B.N.G.;PODEMOS-ESQUERDA UNIDA-ANOVA;PP;CCD-AU.TO.NO.MO;PSdeG-PSOE;EQUO;VOX;EN MAREA-COMPROMISO POR GALICIA-PARTIDO GALEGUISTA;RECORTES CERO-ESCO-OV-M;Cs;P-LIB
15;7;A Ba¤a;1-001 -A;479;0;0;479;309;0;309;3;3;0;0;0;64;6;165;0;63;0;3;0;0;2;0
15;7;A Ba¤a;1-001 -B;487;0;0;487;270;0;270;0;0;1;1;0;53;4;168;0;38;0;5;0;0;0;0
15;7;A Ba¤a;1-002 -A;410;0;0;410;259;0;259;1;5;0;0;1;32;2;151;0;58;0;6;2;0;1;0
15;7;A Ba¤a;1-002 -B;440;0;0;440;293;0;293;4;2;0;0;0;48;2;159;0;76;0;2;0;0;0;0
15;7;A Ba¤a;1-002 -C;357;0;0;357;224;0;224;0;2;0;0;0;24;3;129;0;66;0;0;0;0;0;0
15;7;A Ba¤a;2-001 -A;348;0;0;348;215;0;215;1;0;1;0;0;48;1;107;0;54;0;3;0;0;0;0
15;7;A Ba¤a;2-001 -B;273;0;0;273;166;0;166;0;0;0;0;0;27;4;101;0;34;0;0;0;0;0;0
15;7;A Ba¤a;2-001 -C;336;0;0;336;198;0;198;2;0;0;0;0;30;3;129;0;30;0;2;0;0;2;0
15;990;Residentes Ausentes A Coru¤a;99-001 -U;160.101;0;0;160.101;2.030;0;2.030;3;18;1;6;22;428;202;799;4;353;21;107;12;16;34;4
Total;;;;1.088.035;29;0;1.088.064;539.758;238;539.996;4.321;5.352;364;353;2.503;133.144;23.757;263.293;266;89.767;505;11.359;1.289;468;2.943;312
