Any,CProv,Desc_Prov,CMun,Codimuni,Desc_municipi,CCom,Desc_Comarca,CodiMesa,Districte,Secció,Mesa,CENS,VOTANTS,V_NULS,V_BLANC,V_CAND,CODI_CANDIDATURA,SIGLES_CANDIDATURA,DESC_CANDIDATURA
2023,3,Alacant/Alicante,1,3001,L'Atzúbia,30,La Marina Alta,01-001-U,1,1,U,304,263,5,7,104,1,PP,PARTIDO POPULAR
2023,3,Alacant/Alicante,1,3001,L'Atzúbia,30,La Marina Alta,01-001-U,1,1,U,304,263,5,7,27,2,PSOE,PARTIDO SOCIALISTA OBRERO ESPAÑOL
2023,3,Alacant/Alicante,1,3001,L'Atzúbia,30,La Marina Alta,01-001-U,1,1,U,304,263,5,7,78,3,COMPROMÍS,COMPROMÍS: MÉS-INICIATIVA-VERDSEQUO
2023,3,Alacant/Alicante,1,3001,L'Atzúbia,30,La Marina Alta,01-001-U,1,1,U,304,263,5,7,27,4,VOX,VOX
2023,3,Alacant/Alicante,1,3001,L'Atzúbia,30,La Marina Alta,01-001-U,1,1,U,304,263,5,7,9,5,UP-EUPV,UNIDES PODEM-ESQUERRA UNIDA
2023,3,Alacant/Alicante,1,3001,L'Atzúbia,30,La Marina Alta,01-001-U,1,1,U,304,263,5,7,2,6,Cs,CIUDADANOS-PARTIDO DE LA CIUDADANIA
2023,3,Alacant/Alicante,1,3001,L'Atzúbia,30,La Marina Alta,01-001-U,1,1,U,304,263,5,7,3,7,PACMA,PARTIDO ANIMALISTA CON EL MEDIO AMBIENTE
2023,3,Alacant/Alicante,1,3001,L'Atzúbia,30,La Marina Alta,01-001-U,1,1,U,304,263,5,7,0,8,CENTRO MODERADO,LOS VERDES-ECOPACIFISTAS
2023,3,Alacant/Alicante,1,3001,L'Atzúbia,30,La Marina Alta,01-001-U,1,1,U,304,263,5,7,1,9,ERPV,ESQUERRA REPUBLICANA DEL PAÍS VALENCIÀ
2023,3,Alacant/Alicante,1,3001,L'Atzúbia,30,La Marina Alta,01-001-U,1,1,U,304,263,5,7,0,10,UNITS,COALICIÓ UNITS
2023,3,Alacant/Alicante,1,3001,L'Atzúbia,30,La Marina Alta,01-001-U,1,1,U,304,263,5,7,0,11,P.C.P.E,PARTIDO COMUNISTA DE LOS PUEBLOS DE ESPAÑA
2023,3,Alacant/Alicante,1,3001,L'Atzúbia,30,La Marina Alta,01-001-U,1,1,U,304,263,5,7,0,12,RECORTES CERO,RECORTES CERO
2023,3,Alacant/Alicante,1,3001,L'Atzúbia,30,La Marina Alta,01-001-U,1,1,U,304,263,5,7,0,13,DECIDIX,DECIDIX
2023,3,Alacant/Alicante,1,3001,L'Atzúbia,30,La Marina Alta,01-001-U,1,1,U,304,263,5,7,0,15,RVPVE,REPÚBLICA VALENCIANA / PARTIT VALENCIANISTE EUROPEU
2023,3,Alacant/Alicante,1,3001,L'Atzúbia,30,La Marina Alta,01-001-U,1,1,U,304,263,5,7,0,16,ALIANZA C V,ALIANZA POR EL COMERCIO Y LA VIVIENDA
2023,3,Alacant/Alicante,1,3001,L'Atzúbia,30,La Marina Alta,01-001-U,1,1,U,304,263,5,7,0,19,PAR-ES.C.,PARTIDO ALICANTINO REGIONALISTA - ESPERANZA CIUDADANA
2023,3,Alacant/Alicante,990,3990,Residentes ausentes-Alacant/Alicante,,,99-001-U,99,1,U,44927,3446,389,20,800,1,PP,PARTIDO POPULAR
2023,3,Alacant/Alicante,990,3990,Residentes ausentes-Alacant/Alicante,,,99-001-U,99,1,U,44927,3446,389,20,895,2,PSOE,PARTIDO SOCIALISTA OBRERO ESPAÑOL
2023,3,Alacant/Alicante,990,3990,Residentes ausentes-Alacant/Alicante,,,99-001-U,99,1,U,44927,3446,389,20,336,3,COMPROMÍS,COMPROMÍS: MÉS-INICIATIVA-VERDSEQUO
2023,3,Alacant/Alicante,990,3990,Residentes ausentes-Alacant/Alicante,,,99-001-U,99,1,U,44927,3446,389,20,392,4,VOX,VOX
2023,3,Alacant/Alicante,990,3990,Residentes ausentes-Alacant/Alicante,,,99-001-U,99,1,U,44927,3446,389,20,267,5,UP-EUPV,UNIDES PODEM-ESQUERRA UNIDA
2023,3,Alacant/Alicante,990,3990,Residentes ausentes-Alacant/Alicante,,,99-001-U,99,1,U,44927,3446,389,20,98,6,CS,CIUDADANOS-PARTIDO DE LA CIUDADANIA
2023,3,Alacant/Alicante,990,3990,Residentes ausentes-Alacant/Alicante,,,99-001-U,99,1,U,44927,3446,389,20,86,7,PACMA,PARTIDO ANIMALISTA CON EL MEDIO AMBIENTE
2023,3,Alacant/Alicante,990,3990,Residentes ausentes-Alacant/Alicante,,,99-001-U,99,1,U,44927,3446,389,20,91,8,CENTRO MODERADO,LOS VERDES-ECOPACIFISTAS
2023,3,Alacant/Alicante,990,3990,Residentes ausentes-Alacant/Alicante,,,99-001-U,99,1,U,44927,3446,389,20,10,9,ERPV,ESQUERRA REPUBLICANA DEL PAÍS VALENCIÀ
2023,3,Alacant/Alicante,990,3990,Residentes ausentes-Alacant/Alicante,,,99-001-U,99,1,U,44927,3446,389,20,5,10,UNITS,COALICIÓ UNITS
2023,3,Alacant/Alicante,990,3990,Residentes ausentes-Alacant/Alicante,,,99-001-U,99,1,U,44927,3446,389,20,12,11,P.C.P.E,PARTIDO COMUNISTA DE LOS PUEBLOS DE ESPAÑA
2023,3,Alacant/Alicante,990,3990,Residentes ausentes-Alacant/Alicante,,,99-001-U,99,1,U,44927,3446,389,20,4,12,RECORTES CERO,RECORTES CERO
2023,3,Alacant/Alicante,990,3990,Residentes ausentes-Alacant/Alicante,,,99-001-U,99,1,U,44927,3446,389,20,2,13,DECIDIX,DECIDIX
2023,3,Alacant/Alicante,990,3990,Residentes ausentes-Alacant/Alicante,,,99-001-U,99,1,U,44927,3446,389,20,11,15,RVPVE,REPÚBLICA VALENCIANA / PARTIT VALENCIANISTE EUROPEU
2023,3,Alacant/Alicante,990,3990,Residentes ausentes-Alacant/Alicante,,,99-001-U,99,1,U,44927,3446,389,20,14,16,ALIANZA C V,ALIANZA POR EL COMERCIO Y LA VIVIENDA
2023,3,Alacant/Alicante,990,3990,Residentes ausentes-Alacant/Alicante,,,99-001-U,99,1,U,44927,3446,389,20,14,19,PAR-ES.C.,PARTIDO ALICANTINO REGIONALISTA - ESPERANZA CIUDADANA
2023,12,Castelló/Castellón,139,12139,Vistabella del Maestrat,2,L'Alt Maestrat,01-001-U,1,1,U,307,230,4,5,71,1,PP,PARTIDO POPULAR
2023,12,Castelló/Castellón,139,12139,Vistabella del Maestrat,2,L'Alt Maestrat,01-001-U,1,1,U,307,230,4,5,20,2,PSOE,PARTIDO SOCIALISTA OBRERO ESPAÑOL
2023,12,Castelló/Castellón,139,12139,Vistabella del Maestrat,2,L'Alt Maestrat,01-001-U,1,1,U,307,230,4,5,71,3,COMPROMÍS,COMPROMÍS: MÉS-INICIATIVA-VERDSEQUO
2023,12,Castelló/Castellón,139,12139,Vistabella del Maestrat,2,L'Alt Maestrat,01-001-U,1,1,U,307,230,4,5,32,4,VOX,VOX
2023,12,Castelló/Castellón,139,12139,Vistabella del Maestrat,2,L'Alt Maestrat,01-001-U,1,1,U,307,230,4,5,8,5,UP-EUPV,UNIDES PODEM-ESQUERRA UNIDA
2023,12,Castelló/Castellón,139,12139,Vistabella del Maestrat,2,L'Alt Maestrat,01-001-U,1,1,U,307,230,4,5,16,6,Cs,CIUDADANOS-PARTIDO DE LA CIUDADANIA
2023,12,Castelló/Castellón,139,12139,Vistabella del Maestrat,2,L'Alt Maestrat,01-001-U,1,1,U,307,230,4,5,4,9,ERPV,ESQUERRA REPUBLICANA DEL PAÍS VALENCIÀ
2023,12,Castelló/Castellón,139,12139,Vistabella del Maestrat,2,L'Alt Maestrat,01-001-U,1,1,U,307,230,4,5,0,10,UNITS,COALICIÓ UNITS
2023,12,Castelló/Castellón,139,12139,Vistabella del Maestrat,2,L'Alt Maestrat,01-001-U,1,1,U,307,230,4,5,1,11,P.C.P.E,PARTIDO COMUNISTA DE LOS PUEBLOS DE ESPAÑA
2023,12,Castelló/Castellón,139,12139,Vistabella del Maestrat,2,L'Alt Maestrat,01-001-U,1,1,U,307,230,4,5,0,12,RECORTES CERO,RECORTES CERO
2023,12,Castelló/Castellón,139,12139,Vistabella del Maestrat,2,L'Alt Maestrat,01-001-U,1,1,U,307,230,4,5,0,13,DECIDIX,DECIDIX
2023,12,Castelló/Castellón,139,12139,Vistabella del Maestrat,2,L'Alt Maestrat,01-001-U,1,1,U,307,230,4,5,1,15,RVPVE,REPÚBLICA VALENCIANA / PARTIT VALENCIANISTE EUROPEU
2023,12,Castelló/Castellón,139,12139,Vistabella del Maestrat,2,L'Alt Maestrat,01-001-U,1,1,U,307,230,4,5,0,16,ALIANZA C V,ALIANZA POR EL COMERCIO Y LA VIVIENDA
2023,12,Castelló/Castellón,139,12139,Vistabella del Maestrat,2,L'Alt Maestrat,01-001-U,1,1,U,307,230,4,5,1,18,CENTRATS,CENTRATS EN LA NOSTRA TERRA
