﻿Codi Província;Nom Província;Codi Vegueria;Nom Vegueria;Codi Comarca;Nom Comarca;Codi Municipi;Nom Municipi;Districte;Secció;Mesa;Sigles Candidatura;Nom Candidatura;Vots
8;Barcelona;1;Barcelona;11;Baix Llobregat;08001;Abrera;01;001;A;PSC;Partit dels Socialistes de Catalunya (PSC-PSOE);72
8;Barcelona;1;Barcelona;11;Baix Llobregat;08001;Abrera;01;001;A;ERC;Esquerra Republicana de Catalunya;30
8;Barcelona;1;Barcelona;11;Baix Llobregat;08001;Abrera;01;001;A;CAT-JUNTS+;Junts + Carles Puigdemont per Catalunya-Junts+;24
8;Barcelona;1;Barcelona;11;Baix Llobregat;08001;Abrera;01;001;A;PP;Partit Popular;21
8;Barcelona;1;Barcelona;11;Baix Llobregat;08001;Abrera;01;001;A;VOX;Vox;20
8;Barcelona;1;Barcelona;11;Baix Llobregat;08001;Abrera;01;001;A;COMUNS SUMAR;Comuns Sumar;15
8;Barcelona;1;Barcelona;11;Baix Llobregat;08001;Abrera;01;001;A;CUP - DT;Candidatura d'Unitat Popular - Defensem la Terra;7
8;Barcelona;1;Barcelona;11;Baix Llobregat;08001;Abrera;01;001;A;PACMA;Partit Animalista amb el Medi Ambient;4
8;Barcelona;1;Barcelona;11;Baix Llobregat;08001;Abrera;01;001;A;ALIANÇA.CAT;Aliança Catalana;2
8;Barcelona;1;Barcelona;11;Baix Llobregat;08001;Abrera;01;001;A;Cs;Ciutadans-Partido de la Ciudadanía;0
8;Barcelona;1;Barcelona;11;Baix Llobregat;08001;Abrera;01;001;A;FO;Frente Obrero;0
8;Barcelona;1;Barcelona;11;Baix Llobregat;08001;Abrera;01;001;A;PCTC;Partit Comunista dels Treballadors de Catalunya;0
8;Barcelona;1;Barcelona;11;Baix Llobregat;08001;Abrera;01;001;A;RECORTES CERO;Recortes Cero;0
8;Barcelona;1;Barcelona;11;Baix Llobregat;08001;Abrera;01;001;A;IZQP - UNIDOS - DEf;Izquierda por España;0
8;Barcelona;1;Barcelona;11;Baix Llobregat;08001;Abrera;01;001;A;PUM+J;Per Un Món Més Just;0
8;Barcelona;1;Barcelona;11;Baix Llobregat;08001;Abrera;01;001;A;ALHORA;Alhora;0
