﻿Codi Província;Nom Província;Codi Vegueria;Nom Vegueria;Codi Comarca;Nom Comarca;Codi Municipi;Nom Municipi;Districte;Secció;Mesa;Població;Cens;Participació 13:00;Participació 18:00;Participació 20:00;Abstenció;Vots nuls;Vots en blanc;Vots a candidatures;Vots vàlids;PSC Vots;CAT-JUNTS+ Vots;ERC Vots;PP Vots;VOX Vots;COMUNS SUMAR Vots;CUP - DT Vots;ALIANÇA.CAT Vots;PACMA Vots;Cs Vots;ALHORA Vots;FO Vots;PCTC Vots;RECORTES CERO Vots;PUM+J Vots;IZQP - UNIDOS - DEf Vots;FNC Vots;CNV Vots
8;Barcelona;1;Barcelona;11;Baix Llobregat;08001;Abrera;01;001;A;;361;98;164;199;162;2;2;195;197;72;24;30;21;20;15;7;2;4;0;0;0;0;0;0;0;;
8;Barcelona;1;Barcelona;11;Baix Llobregat;08001;Abrera;01;001;B;;359;124;180;225;134;1;8;216;224;94;15;22;31;22;17;4;3;3;2;1;1;0;1;0;0;;
8;Barcelona;1;Barcelona;11;Baix Llobregat;08001;Abrera;01;001;C;;423;115;205;261;162;1;2;258;260;91;21;43;32;34;17;5;1;6;3;3;2;0;0;0;0;;
8;Barcelona;1;Barcelona;11;Baix Llobregat;08001;Abrera;01;002;A;;459;128;194;265;194;5;1;259;260;102;31;33;26;30;22;5;2;5;1;0;2;0;0;0;0;;
8;Barcelona;1;Barcelona;11;Baix Llobregat;08001;Abrera;01;002;B;;466;146;225;272;194;4;1;267;268;121;15;32;29;41;14;4;4;2;3;0;1;1;0;0;0;;
8;Barcelona;1;Barcelona;11;Baix Llobregat;08001;Abrera;01;002;C;;462;134;212;269;193;3;6;260;266;116;21;32;35;30;16;3;2;1;2;1;1;0;0;0;0;;
8;Barcelona;1;Barcelona;11;Baix Llobregat;08001;Abrera;01;003;U;;719;182;327;423;296;5;3;415;418;147;46;57;43;46;46;7;10;1;5;1;4;0;0;0;2;;
8;Barcelona;1;Barcelona;11;Baix Llobregat;08001;Abrera;01;004;A;;861;219;397;517;344;1;3;513;516;174;47;65;48;86;50;12;14;7;5;2;2;1;0;0;0;;
8;Barcelona;1;Barcelona;11;Baix Llobregat;08001;Abrera;01;004;B;;603;168;274;349;254;5;6;338;344;101;42;35;59;51;28;9;2;4;5;1;0;0;0;1;0;;
8;Barcelona;1;Barcelona;11;Baix Llobregat;08001;Abrera;01;005;A;;704;198;313;397;307;5;2;390;392;160;25;47;52;63;25;4;2;5;3;0;0;0;2;0;2;;
8;Barcelona;1;Barcelona;11;Baix Llobregat;08001;Abrera;01;005;B;;712;233;316;418;294;5;7;406;413;172;33;38;63;46;20;11;7;4;6;0;0;1;2;3;0;;
8;Barcelona;1;Barcelona;11;Baix Llobregat;08001;Abrera;01;007;U;;834;196;338;428;406;4;6;418;424;113;55;70;45;63;20;18;9;9;9;0;7;0;0;0;0;;
8;Barcelona;1;Barcelona;11;Baix Llobregat;08001;Abrera;01;008;A;;669;156;309;412;257;5;3;404;407;174;26;50;35;58;32;11;11;5;0;0;0;2;0;0;0;;
8;Barcelona;1;Barcelona;11;Baix Llobregat;08001;Abrera;01;008;B;;785;209;369;498;287;7;9;482;491;214;21;55;48;80;28;8;7;8;8;1;3;0;1;0;0;;
8;Barcelona;1;Barcelona;11;Baix Llobregat;08001;Abrera;01;009;A;;580;116;234;328;252;6;6;316;322;110;29;30;39;60;24;8;7;6;1;0;1;1;0;0;0;;
8;Barcelona;1;Barcelona;11;Baix Llobregat;08001;Abrera;01;009;B;;703;160;286;382;321;0;6;376;382;136;31;32;47;77;23;5;8;8;3;1;3;2;0;0;0;;
8;Barcelona;98;Residents Absents Catalunya;98;Residents Absents Catalunya;08998;Residents Absents Barcelona;01;001;U;;227985; ; ;15462;212523;123;60;15279;15339;3997;3390;1743;1852;892;1262;636;226;246;252;262;58;30;348;34;51;;
