ANIO_ELECTORAL;CODIGO_MUNICIPIO;MUNICIPIO;DISTRITO;SECCION;MESA;IDENTIFICADOR_INTERANUAL;SIGLAS_PARTIDO;DENOMINACION_PARTIDO;VOTOS;PORC_VOTOS
2023;1;Ábalos;01;001;U;2;PSOE;PARTIDO SOCIALISTA OBRERO ESPAÑOL;72;46.15
2023;1;Ábalos;01;001;U;1;PP;PARTIDO POPULAR;60;38.46
2023;1;Ábalos;01;001;U;21;VOX;VOX;7;4.49
2023;1;Ábalos;01;001;U;3;PR+E;PARTIDO RIOJANO + ESPAÑA VACIADA;4;2.56
2023;1;Ábalos;01;001;U;18;PODEMOS-I.U.;PODEMOS-IZQUIERDA UNIDA;4;2.56
2023;1;Ábalos;01;001;U;20;ESCAÑOS EN BLANCO;ESCAÑOS EN BLANCO PARA DEJAR ESCAÑOS VACÍOS;1;0.64
2023;1;Ábalos;01;001;U;23;PLRi;POR LA RIOJA;1;0.64
2023;1;Ábalos;01;001;U;17;Cs;CIUDADANOS-PARTIDO DE LA CIUDADANÍA;0;0.0
2023;1;Ábalos;01;001;U;22;VINEA;VINEA La Rioja;0;0.0
2023;1;Ábalos;01;001;U;16;PACMA;PARTIDO ANIMALISTA CON EL MEDIO AMBIENTE;0;0.0
2023;2;Agoncillo;01;001;A;1;PP;PARTIDO POPULAR;149;50.68
2023;2;Agoncillo;01;001;A;2;PSOE;PARTIDO SOCIALISTA OBRERO ESPAÑOL;76;25.85
2023;2;Agoncillo;01;001;A;21;VOX;VOX;37;12.59
2023;2;Agoncillo;01;001;A;18;PODEMOS-I.U.;PODEMOS-IZQUIERDA UNIDA;12;4.08
2023;2;Agoncillo;01;001;A;3;PR+E;PARTIDO RIOJANO + ESPAÑA VACIADA;6;2.04
2023;2;Agoncillo;01;001;A;17;Cs;CIUDADANOS-PARTIDO DE LA CIUDADANÍA;2;0.68
2023;2;Agoncillo;01;001;A;23;PLRi;POR LA RIOJA;2;0.68
2023;2;Agoncillo;01;001;A;16;PACMA;PARTIDO ANIMALISTA CON EL MEDIO AMBIENTE;1;0.34
2023;2;Agoncillo;01;001;A;20;ESCAÑOS EN BLANCO;ESCAÑOS EN BLANCO PARA DEJAR ESCAÑOS VACÍOS;0;0.0
2023;2;Agoncillo;01;001;A;22;VINEA;VINEA La Rioja;0;0.0
2023;2;Agoncillo;01;001;B;1;PP;PARTIDO POPULAR;170;47.49
2023;2;Agoncillo;01;001;B;2;PSOE;PARTIDO SOCIALISTA OBRERO ESPAÑOL;95;26.54
2023;2;Agoncillo;01;001;B;21;VOX;VOX;60;16.76
2023;2;Agoncillo;01;001;B;3;PR+E;PARTIDO RIOJANO + ESPAÑA VACIADA;9;2.51
2023;2;Agoncillo;01;001;B;18;PODEMOS-I.U.;PODEMOS-IZQUIERDA UNIDA;7;1.96
2023;2;Agoncillo;01;001;B;23;PLRi;POR LA RIOJA;5;1.4
2023;2;Agoncillo;01;001;B;16;PACMA;PARTIDO ANIMALISTA CON EL MEDIO AMBIENTE;3;0.84
2023;2;Agoncillo;01;001;B;17;Cs;CIUDADANOS-PARTIDO DE LA CIUDADANÍA;1;0.28
2023;2;Agoncillo;01;001;B;20;ESCAÑOS EN BLANCO;ESCAÑOS EN BLANCO PARA DEJAR ESCAÑOS VACÍOS;0;0.0
2023;2;Agoncillo;01;001;B;22;VINEA;VINEA La Rioja;0;0.0
